{"10": 1.9007742287266197e-278, "1": 0.0, "3": 5.2173135161221985e-158, "2": 5.2173135161221985e-158, "5": 0.0, "4": 5.2173135161221985e-158, "7": 1.9007742287266197e-278, "6": 0.0, "9": 0.0, "8": 5.1997799617400093e-160}