{"10": 0.23071032849728984, "1": 1.1229704521933643, "3": 1.5890594339726347, "2": 1.6080420881418109, "5": 0.015311197870887238, "4": 1.6880557455714322, "7": 0.23071032849728984, "6": -0.038974256419719903, "9": 0.015311197870887238, "8": 0.015993222799987359}