{"11": -6.024932606760982e-36, "10": 2.3870314109872447e-35, "12": -4.5117620664653205e-33, "1": -4.596624618851509e-34, "3": -4.534341813540067e-33, "2": 5.928918013839751e-34, "5": -6.8262006493682615e-28, "4": 1.0873805084360682e-32, "7": 2.9812859093045566e-36, "6": -2.2577713863889356e-36, "9": -7.641651711741757e-36, "8": -3.151196582161439e-35}