{"11": 3.4965373249736449e+48, "10": 8.9668826945733804e+47, "12": -2.4704411681525928e+47, "1": 2.1911818711568521e+48, "3": -1.5818004184490753e+46, "2": -7.9313673702131748e+47, "5": -1.2633258318621796e+49, "4": 1.3524603702610935e+48, "7": -2.0216779213880112e+48, "6": 7.0539489201637833e+47, "9": 1.4081112954305753e+47, "8": -7.4283034075646949e+47}